<?xml version="1.0" encoding="UTF-8"?>
<project-private xmlns="http://www.netbeans.org/ns/project-private/1">
    <data xmlns="http://www.netbeans.org/ns/make-project-private/1">
        <activeConfTypeElem>1</activeConfTypeElem>
        <activeConfIndexElem>0</activeConfIndexElem>
    </data>
    <editor-bookmarks xmlns="http://www.netbeans.org/ns/editor-bookmarks/2" lastBookmarkId="0"/>
    <open-files xmlns="http://www.netbeans.org/ns/projectui-open-files/2">
        <group>
            <file>file:/C:/Users/DoKyoung/Desktop/LehrMark_CSC5_CIS5_Spring2017-master/Hmwk/Assignment_2/Shin,%20Dokyoung%20Assignment%202%20-%2044187/Savitch_9thEd_Chap2_Prob4_Loan/main.cpp</file>
        </group>
    </open-files>
</project-private>
